db,t,n,events,auroc,lo,hi,anchor_24h
mimic4,6,477,79,0.8469,0.803,0.8851,False
mimic4,7,481,81,0.8518,0.8068,0.8875,False
mimic4,8,481,81,0.8629,0.8248,0.8986,False
mimic4,9,483,81,0.8636,0.8229,0.8998,False
mimic4,10,483,81,0.8617,0.8237,0.8995,False
mimic4,11,483,81,0.8689,0.8244,0.903,False
mimic4,12,483,81,0.8687,0.831,0.9044,False
mimic4,13,483,81,0.877,0.841,0.9081,False
mimic4,14,483,81,0.8893,0.8534,0.9213,False
mimic4,15,483,81,0.8908,0.8574,0.9191,False
mimic4,16,483,81,0.8946,0.8587,0.9245,False
mimic4,17,483,81,0.8964,0.8585,0.9255,False
mimic4,18,483,81,0.8993,0.8704,0.9294,False
mimic4,19,483,81,0.8996,0.8646,0.9284,False
mimic4,20,483,81,0.9071,0.8739,0.9367,False
mimic4,21,483,81,0.905,0.8724,0.9334,False
mimic4,22,483,81,0.9057,0.8721,0.9344,False
mimic4,23,483,81,0.9109,0.8763,0.9359,False
mimic4,24,483,81,0.9051,0.8772,0.9368,True
mimic4,25,481,81,0.908,0.8762,0.9373,False
mimic4,26,476,80,0.9105,0.8806,0.9374,False
mimic4,27,469,78,0.9012,0.8671,0.9311,False
mimic4,28,464,78,0.8953,0.8626,0.9284,False
mimic4,29,463,77,0.8965,0.8666,0.9274,False
mimic4,30,462,77,0.899,0.8678,0.9288,False
mimic4,31,457,76,0.8944,0.859,0.9259,False
mimic4,32,452,75,0.8965,0.8651,0.9255,False
mimic4,33,450,75,0.8956,0.8644,0.9266,False
mimic4,34,446,72,0.8889,0.8506,0.9226,False
mimic4,35,439,71,0.8859,0.8471,0.9196,False
mimic4,36,437,71,0.8894,0.8534,0.9227,False
mimic4,37,431,71,0.8904,0.8543,0.9263,False
mimic4,38,424,68,0.8854,0.8497,0.9184,False
mimic4,39,413,67,0.8863,0.8468,0.9212,False
mimic4,40,406,64,0.8932,0.852,0.9281,False
mimic4,41,401,64,0.8903,0.8557,0.9229,False
mimic4,42,394,63,0.8906,0.8535,0.9248,False
mimic4,43,386,62,0.8886,0.8491,0.9249,False
mimic4,44,377,61,0.8908,0.849,0.926,False
mimic4,45,369,60,0.8985,0.8639,0.9339,False
mimic4,46,363,59,0.8973,0.8605,0.9288,False
mimic4,47,358,58,0.901,0.8592,0.9334,False
mimic4,48,356,58,0.8995,0.8621,0.9293,False
mimic4,49,356,58,0.8972,0.8596,0.9295,False
mimic4,50,354,58,0.9027,0.8665,0.938,False
mimic4,51,353,58,0.9001,0.8593,0.9333,False
mimic4,52,346,58,0.8996,0.8625,0.9318,False
mimic4,53,341,58,0.9032,0.8609,0.937,False
mimic4,54,338,56,0.9008,0.8596,0.9392,False
mimic4,55,337,56,0.9009,0.8604,0.9385,False
mimic4,56,333,55,0.903,0.864,0.9382,False
mimic4,57,328,54,0.9044,0.8643,0.9417,False
mimic4,58,326,53,0.9026,0.8599,0.9361,False
mimic4,59,324,53,0.9012,0.8583,0.9361,False
mimic4,60,321,52,0.9011,0.8609,0.9369,False
mimic4,61,317,51,0.9008,0.8509,0.9398,False
mimic4,62,313,51,0.9053,0.8669,0.9393,False
mimic4,63,308,51,0.9029,0.8599,0.9368,False
mimic4,64,302,51,0.8958,0.8459,0.9313,False
mimic4,65,298,50,0.8969,0.8423,0.9355,False
mimic4,66,292,49,0.8904,0.8407,0.9375,False
mimic4,67,287,49,0.895,0.8495,0.938,False
mimic4,68,282,48,0.8914,0.8403,0.9344,False
mimic4,69,276,48,0.8925,0.8432,0.9347,False
mimic4,70,272,47,0.8953,0.8384,0.9368,False
mimic4,71,266,45,0.8946,0.8428,0.9408,False
mimic4,72,264,45,0.8968,0.8489,0.9369,False
eicu,6,3144,374,0.8235,0.7987,0.8432,False
eicu,7,3182,376,0.8279,0.8088,0.8494,False
eicu,8,3210,379,0.8366,0.8137,0.8606,False
eicu,9,3241,382,0.84,0.816,0.8609,False
eicu,10,3278,388,0.8422,0.8225,0.8617,False
eicu,11,3293,393,0.8434,0.8237,0.8633,False
eicu,12,3313,394,0.8445,0.8239,0.8641,False
eicu,13,3321,395,0.8472,0.8276,0.8661,False
eicu,14,3327,396,0.8501,0.8306,0.8706,False
eicu,15,3336,396,0.8543,0.8349,0.8735,False
eicu,16,3350,397,0.8563,0.8366,0.8751,False
eicu,17,3357,397,0.8568,0.8387,0.8754,False
eicu,18,3367,398,0.8586,0.8401,0.8772,False
eicu,19,3379,399,0.8611,0.8409,0.8807,False
eicu,20,3382,399,0.8596,0.8405,0.8792,False
eicu,21,3386,399,0.863,0.8447,0.8802,False
eicu,22,3389,400,0.8616,0.8428,0.877,False
eicu,23,3394,400,0.8627,0.8442,0.8826,False
eicu,24,3403,400,0.862,0.8427,0.8805,True
eicu,25,3342,395,0.8661,0.8452,0.8838,False
eicu,26,3291,387,0.8638,0.8461,0.8818,False
eicu,27,3245,385,0.8619,0.8435,0.8823,False
eicu,28,3196,381,0.8614,0.8421,0.8804,False
eicu,29,3153,376,0.861,0.8427,0.8792,False
eicu,30,3117,371,0.8595,0.8407,0.8794,False
eicu,31,3073,369,0.8595,0.8395,0.8777,False
eicu,32,3036,363,0.8575,0.8371,0.8766,False
eicu,33,3002,360,0.8565,0.8351,0.8758,False
eicu,34,2957,357,0.8569,0.8369,0.8777,False
eicu,35,2925,357,0.8576,0.8365,0.8765,False
eicu,36,2881,353,0.8598,0.8391,0.8804,False
eicu,37,2828,350,0.8571,0.8345,0.879,False
eicu,38,2778,347,0.8575,0.8366,0.8783,False
eicu,39,2738,343,0.8552,0.832,0.8739,False
eicu,40,2683,338,0.8541,0.8313,0.8746,False
eicu,41,2621,330,0.8527,0.8305,0.8722,False
eicu,42,2564,326,0.8495,0.8258,0.8712,False
eicu,43,2500,316,0.8483,0.8262,0.8714,False
eicu,44,2436,310,0.847,0.8252,0.8689,False
eicu,45,2386,304,0.8417,0.8168,0.8643,False
eicu,46,2342,300,0.8409,0.8183,0.8686,False
eicu,47,2296,293,0.8409,0.8183,0.8656,False
eicu,48,2248,290,0.8438,0.819,0.8683,False
eicu,49,2211,289,0.8452,0.8187,0.8668,False
eicu,50,2177,286,0.8433,0.8185,0.8654,False
eicu,51,2142,283,0.8431,0.8155,0.8659,False
eicu,52,2110,280,0.8419,0.8155,0.8646,False
eicu,53,2090,277,0.8416,0.8191,0.8646,False
eicu,54,2069,275,0.8393,0.8142,0.8613,False
eicu,55,2053,271,0.8396,0.8145,0.8638,False
eicu,56,2040,265,0.8362,0.8089,0.857,False
eicu,57,2025,265,0.8383,0.8096,0.8633,False
eicu,58,2011,263,0.838,0.8137,0.8634,False
eicu,59,1992,261,0.8371,0.8089,0.8633,False
eicu,60,1977,260,0.8349,0.8068,0.8619,False
eicu,61,1946,255,0.836,0.8099,0.8638,False
eicu,62,1917,251,0.8339,0.8082,0.8605,False
eicu,63,1894,250,0.8356,0.8082,0.8612,False
eicu,64,1859,244,0.8317,0.8062,0.8559,False
eicu,65,1832,243,0.8298,0.8035,0.8563,False
eicu,66,1810,240,0.8305,0.8048,0.8565,False
eicu,67,1774,237,0.8244,0.796,0.8504,False
eicu,68,1748,233,0.8251,0.7988,0.8545,False
eicu,69,1715,231,0.8216,0.7949,0.8498,False
eicu,70,1684,229,0.8216,0.79,0.8506,False
eicu,71,1658,229,0.8211,0.7912,0.8486,False
eicu,72,1627,226,0.8196,0.7877,0.8464,False
mimic3,6,813,152,0.864,0.8329,0.8924,False
mimic3,7,818,154,0.8634,0.8357,0.8912,False
mimic3,8,822,155,0.8711,0.8429,0.8989,False
mimic3,9,826,155,0.874,0.8434,0.8979,False
mimic3,10,828,155,0.8689,0.8403,0.8963,False
mimic3,11,828,155,0.8681,0.8395,0.897,False
mimic3,12,829,155,0.864,0.8373,0.8925,False
mimic3,13,829,155,0.8653,0.835,0.8934,False
mimic3,14,829,155,0.8707,0.8404,0.8991,False
mimic3,15,829,155,0.8702,0.8424,0.8966,False
mimic3,16,829,155,0.8697,0.8354,0.8975,False
mimic3,17,830,155,0.8756,0.8438,0.9048,False
mimic3,18,830,155,0.8763,0.8477,0.9049,False
mimic3,19,830,155,0.879,0.8525,0.9052,False
mimic3,20,830,155,0.8818,0.8526,0.9099,False
mimic3,21,830,155,0.8836,0.8514,0.9104,False
mimic3,22,830,155,0.8839,0.8563,0.9158,False
mimic3,23,830,155,0.8838,0.8557,0.911,False
mimic3,24,813,138,0.8703,0.8404,0.8984,True
mimic3,25,791,137,0.8738,0.8435,0.9023,False
mimic3,26,773,136,0.8745,0.844,0.9049,False
mimic3,27,756,134,0.8778,0.8472,0.907,False
mimic3,28,741,134,0.8744,0.8426,0.9051,False
mimic3,29,725,133,0.8757,0.8454,0.9029,False
mimic3,30,714,132,0.8768,0.8474,0.9084,False
mimic3,31,705,132,0.8762,0.8454,0.9054,False
mimic3,32,697,131,0.8792,0.8437,0.9079,False
mimic3,33,684,129,0.8824,0.8503,0.9107,False
mimic3,34,676,128,0.8806,0.8467,0.9101,False
mimic3,35,670,127,0.8792,0.8483,0.91,False
mimic3,36,660,126,0.8801,0.8441,0.9098,False
mimic3,37,651,125,0.8808,0.8459,0.9124,False
mimic3,38,637,125,0.8799,0.8446,0.9117,False
mimic3,39,622,125,0.8766,0.845,0.9065,False
mimic3,40,615,124,0.871,0.8337,0.9039,False
mimic3,41,599,122,0.874,0.8394,0.9052,False
mimic3,42,588,122,0.8723,0.835,0.9026,False
mimic3,43,571,121,0.8713,0.832,0.9047,False
mimic3,44,558,121,0.8665,0.8323,0.9006,False
mimic3,45,548,119,0.8664,0.8314,0.8959,False
mimic3,46,537,118,0.8634,0.8249,0.8961,False
mimic3,47,530,118,0.8615,0.8234,0.8964,False
mimic3,48,515,107,0.8539,0.8103,0.8937,False
mimic3,49,505,106,0.8547,0.8152,0.8901,False
mimic3,50,495,103,0.8638,0.8268,0.8998,False
mimic3,51,486,103,0.8604,0.8233,0.8966,False
mimic3,52,482,103,0.8645,0.824,0.8999,False
mimic3,53,477,102,0.8654,0.8269,0.8994,False
mimic3,54,475,102,0.8625,0.8214,0.9003,False
mimic3,55,470,102,0.8655,0.8284,0.9033,False
mimic3,56,466,101,0.8661,0.8269,0.9035,False
mimic3,57,459,100,0.8629,0.8189,0.9056,False
mimic3,58,451,99,0.8603,0.8201,0.8969,False
mimic3,59,448,98,0.8664,0.8295,0.9072,False
mimic3,60,446,97,0.8702,0.8318,0.9044,False
mimic3,61,442,96,0.8694,0.8304,0.9053,False
mimic3,62,435,95,0.866,0.8231,0.9018,False
mimic3,63,431,95,0.8714,0.8288,0.9057,False
mimic3,64,429,95,0.87,0.8292,0.9106,False
mimic3,65,419,92,0.8717,0.827,0.9035,False
mimic3,66,410,89,0.8708,0.832,0.9031,False
mimic3,67,405,89,0.8737,0.8355,0.9078,False
mimic3,68,402,89,0.8684,0.8276,0.9063,False
mimic3,69,394,87,0.8638,0.824,0.898,False
mimic3,70,386,87,0.8657,0.8257,0.9022,False
mimic3,71,385,87,0.8662,0.8258,0.9079,False
mimic3,72,373,82,0.8654,0.8201,0.9018,False
